scenario,successful_hours,min_voltage_pu,max_voltage_pu,ac_undervoltage_hours,ac_overvoltage_hours,worst_min_voltage_hour,worst_max_voltage_hour,max_branch_loading_pct_ac,ac_overloaded_hours,max_slack_adjustment_MW,max_slack_adjustment_pct_of_peak_load,mean_system_loss_MW
Scenario A,24,0.973146501047068,1.0580240404333,0,8,22,4,97.7725096074904,0,67.3569198390978,2.14854608737154,51.9777916811734
Scenario B,24,0.973146501041516,1.05802404043329,0,7,8,4,97.7725096158021,0,67.3569198498135,2.14854608771335,52.5923183198892
Scenario C,24,0.961944936129104,1.05774959950348,0,8,8,4,97.9480311636122,0,68.439980108581,2.18309346438855,53.4112557337425
Scenario D,24,0.960419011352737,1.05774959950351,0,8,22,4,101.204719160169,4,70.7740270756399,2.2575447233059,53.1504798246144
