scenario,success,storage_enabled,num_periods,solver_objective_value,dispatch_total_cost_approx,solver_minus_dispatch,zero_output_cost_constant_per_hour,zero_output_cost_constant_total,applied_reconciliation_offset,reconciled_dispatch_cost,solver_minus_reconciled_dispatch,matches_zero_output_offset_hypothesis
Scenario A,1,0,24,1273778.3365572,1273778.3365572,-4.65661287307739e-10,10711.5531,257077.2744,0,1273778.3365572,-4.65661287307739e-10,1
Scenario B,1,0,24,1299475.02538161,1299475.02538161,-2.3283064365387e-10,10711.5531,257077.2744,0,1299475.02538161,-2.3283064365387e-10,1
Scenario C,1,1,24,1009481.32313427,1266558.59753422,-257077.274399949,10711.5531,257077.2744,257077.2744,1009481.32313422,5.14555722475052e-08,1
Scenario D,1,1,24,1053237.52916654,1310314.80356654,-257077.274399999,10711.5531,257077.2744,257077.2744,1053237.52916654,6.98491930961609e-10,1
