branch_id,from_bus,to_bus,rateA,max_loading_pct
23,14,16,500,80.4071266462562
28,16,17,500,77.3033527744991
12,8,9,175,65.0042572645983
7,3,24,400,63.32428182588
10,6,10,175,60.0663414877255
