branch_id,from_bus,to_bus,rateA,max_loading_pct
23,14,16,500,80.4071266413887
28,16,17,500,77.3033527675912
12,8,9,175,65.0042572636768
7,3,24,400,63.3242818202216
10,6,10,175,60.0663414776102
