branch_id,from_bus,to_bus,rateA,max_loading_pct
23,14,16,500,80.4071266460102
28,16,17,500,77.3033527744847
12,8,9,175,66.6586168652512
7,3,24,400,63.3242818255966
10,6,10,175,60.0663414872194
