branch_id,from_bus,to_bus,rateA,max_loading_pct
23,14,16,300,99.9999999999999
25,15,21,400,57.1941064608186
26,15,21,400,57.1941064608186
