branch_id,branch_label,scenario_A_max_loading_pct,scenario_D_max_loading_pct,delta_loading_pct
23,L23_14_16,80.4071266413887,99.9999999999999,19.5928733586112
25,L25_15_21,48.7043236150669,57.1941064608186,8.48978284575169
26,L26_15_21,48.7043236150669,57.1941064608186,8.48978284575169
