success,line_limit_factor_14_16,rateA_MVA_14_16,objective_value,dispatch_total_cost_approx,peak_hour_cost_approx,max_branch_loading_proxy_pct,binding_branch_count,congested_hours
1,0.6,300,1053237.52916654,1310314.80356654,79844.4676634366,99.9999999999999,1,4
1,0.7,350,1037179.89047966,1294257.16487967,74702.3281351393,100,1,4
1,0.8,400,1035164.02971606,1292241.30411604,72751.1038394785,93.2805521547364,0,0
1,0.9,450,1035164.02954408,1292241.30394408,72751.1038145472,82.9160463514488,0,0
